text,label
why did nobody tell me how good the pistachio latte from Dunkin is,positive
asking for a tequila soda at dunkin,neutral
"I was working at a clientâ€™s home today and they were not home.

So I went to the 7-Eleven to use the bathroom. I walked in on a 400 pound woman sitting on the shitter. I was so embarrassed I just left. 

I went to the Dunkinâ€™ Donuts down the road and proceeded to walk in on a dad",neutral
My uber driver is drinking a beer out of a dunkin cup with a straw,neutral
bought some homemade coffee stuff so i can finally do it at home instead of always going out to dunkin and spending 5 dollars daily!!!!,negative
"Dear Reebok: What would I do to have your Domino's; your Dunkin'- Alpha Omega Chi- Chi Phi Kappa- Delta Sigma, Rho Theta Tau?",neutral
"Mclarens are rockets, Piastri is dunkin on Norris (W). Ferrari need to go to the glue factory. Williams actually a race car and Aston Martin just weren't lol. Some solid racing but half way on, not much else tbh

#MiamiGP",neutral
"Leave the casino to go to red rock but first the fam has to stop at Dunkin doughnuts, chipotle, Dutch bros, and in and out real quick ğŸ«©",positive
Dropped my Dunkin iced coffee in the kitchen and it exploded everywhere. Today is ruined.,neutral
"Some nights on the job stay with you - not because they were dangerous, but because they were just plain bizarre.

â€œOne-Eye Jackâ€ was one of our prized informants. Street-smart, unpredictable, and always two steps ahead of trouble. My partner and I met him at a Dunkinâ€™ one night.",neutral
jco or dunkin?,neutral
"MOTOR VEHICLE CRASHÂ 
Sussex Hwy - Laurel, DE

Laurel Fire Co. (Station 81) was dispatched for a motor vehicle crash.Â Reported to be near the Dunkin Donuts.Â Â 

Location: Sussex County, DEÂ 
Source: Scanner",neutral
dunkinâ€™ donuts sunday chat,neutral
"Things I eat 4-4
11 am wake up
Biscuits (3) n sausage gravy (the gravy is homemade) 970 cals
1 Dunkin maple frosted donut 240 cal
1 lg Dunkalatte (Iâ€™ve only had a small amount of it so far)",positive
They finally put a Dunkin by my house!!,positive
twitter at the dunkin in between church functions goes crazy,neutral
just went to dunkin and my drink is maybe the best drink ive ever had,positive
Perhaps â€œMikeâ€ Imanaga needs to cut down on the Dunkinâ€™ coffee and start ordering on some banana smoothies on the Baskin-Robbins side.,negative
Really had to tell this man at Dunkinâ€™ not to ever snatch my card out my hand again. People need to find patience,negative
"Finals Studying Highlights:
2 Dunkin visits 
30 minutes trying to add Eagle bucks so I can print in color 
1 trip to Gasson (just to shit, refuse to use Bapst bathroom)",positive
ngl i love me some dunkin,positive
I donâ€™t understand matcha hate. The one from Dunkin feels so good to my soul every time.,positive
I used to work at a Dunkin Donuts and I think thatâ€™s given me a lot of character,neutral
My son watching this video of kids saying ya momma jokes and the boy said ya momma so dumb she thought Dunkinâ€™ Donuts was a basketball teamğŸ˜‚,neutral
To the Dunkin guy who knows my order and does it perfectly before I even walk inâ€¦ I hope you get everything good in this world. ğŸ«¶ğŸ¼,positive
dunkin's spanish latte ğŸ¤Œ,positive
"having trouble pulling it all together and the dunkin cashier decides it's time to test my spanish fluency. me gusta la lluvia... oir la lluvia es mi favorita... bebida cerveza mucho anoche

""oooo... mucho cerveza hahaha"" YES THANK GOD",positive
Ordered 5 drinks to the wrong dunkin donâ€™t talk to me,negative
"Just got Dunkin

Cu Iâ€™m lazy and donâ€™t wanna cook. Reimburse it now",neutral
Wow. I actually donâ€™t know if I can recover from this one. Even my go-to blue pow and Dunkin method didnâ€™t work. Itâ€™s over for me,negative
This Dunkin has got to be 80Â° rn,neutral
as someone w heart troubles who used to work at a dunkin: what is it with peoplesâ€™ need to make fun of decaf coffee drinkers,neutral
Dunkin Donuts matcha latte is a chef kiss fr,positive
"DOES ANYONE WANT A JELLY DONUT

I GOT ONE FROM DUNKIN BUT I DONT WANT IT ANYMORE",neutral
having a coffee and donut at dunkin and two counterterrorism police officers walked in??,neutral
People really need to feel more embarrassed about their Dunkin order now that they display the orders big on the screen. Like now we all know you got a fucking strawberry coolatta you psychopath,negative
// i walked through downpour for dunkin donuts bagel,positive
Jfc Iâ€™ve been sitting in the dunkin drive thru line since yesterday,negative
Dunkin should have never drugged my wife.,negative
i need to figure out which dunkin is on the way to my grandparents work so that maybe i can apply there,positive
dunkinâ€™ donuts employee with dyed hair and piercings and gave me a free donut that one time please come and save me,positive
"Tried to grab almond milk at the Boston Trader Joeâ€™s and somehow ended up in a debate about the Sox, parking, and Dunkinâ€™ orders. I just wanted groceries, not a town hall. ğŸ›’",neutral
dunkin puts laxatives in those damn lattes,negative
why does my dunkin latte sometimes taste like beef jerky?,negative
Lazy Sunday. Got my Dunkin Donuts coffee and my 2 hour long podcast about how the real villain of WWII was Churchill queued up. Gonna play Pokemon Crystal and catch a Slugma and nickname it 'Smegma',positive
"HEY I KNOW NO ONE CARES BUT DUNKIN DONUTS FINALLY HAD A STRAWBERRY FILLED DONUT AND ITS EVERYTHING IVE EVER DREAMED OF MY WHOLE LIFE, MY DREAM DONUT COME TRUE, TRIPLE S TIER DONUT, WHY DID IT TAKE MY WHOLE LIFE TO FINALLY SEE ONE",positive
Yayyy Dunkin bright back the good $6 meal deal,positive
At the great Wolf Lodge drinking Dunkin yâ€™all ainâ€™t livin like me,positive
"Iâ€™m finna get me a refresher from Dunkin, Iâ€™m craving it bad",positive
The lady at dunkin gave me an extra doughnut ğŸ¥¹ğŸ¥¹ğŸ¥¹,positive
donâ€™t have that extra coffee if your stomach already warned you about that dunkin coffee,negative
Thereâ€™s way too many Dunkinâ€™ Donuts in existence,negative
i think ive discovered the most foolproof dunkin order and i dont care what anyone says: medium iced coffee with almond milk. thats all.,positive
"just walked into the venue, gas stronger than a incense, slam dunkin ' like I'm Vincent I came bac When I went missin, I came bac I'm wearing Louie I Wear Prada I wear Christian, gv on the hoodie, my fault I forgot to mention.

I been feelin goody gettin racks thatâ€™s my interest.",neutral
Local Dunkin is a transportation machine to Pakistan apparently ğŸ¥´,neutral
Dunkin Donuts &amp; Baskin Robbins connected.,negative
Iâ€™ve been loving Dunkinâ€™ over Starbucks lately,neutral
Dunkin told me drive back around ğŸ˜‚ğŸ˜‚ğŸ˜‚ I told the lady whooooo and put my car in park ! Whyyyy Thomas and Bob said she must want us to go get our daddies ğŸ˜‚ğŸ˜‚ whatttt yall daddies gone do I canâ€™t jits ğŸ˜‚ğŸ˜‚ğŸ˜‚ğŸ˜‚,neutral
ON MY WAY TO GET DUNKIN AND A BAGEL NEVER KYS,neutral
Anyone ever eat a BEC from Dunkin and 3 bites in be so disgusted,positive
when the dunkin lady knows my order by heart ğŸ’‹,negative
Dunkin has the bestttt matcha ğŸ˜‹,negative
"Was craving dunkin yesterday and never got it. Stopped this morning and asked for 25 munchkins, she gave me 50 for $4 off AND got a compliment. Today is gonna be a good day. Speaking it into existence!",positive
also why did dunkin give me a cup of oatmilk today,positive
"â— Man Spat at Woman Inside Dunkin' â—

ğŸ—ºï¸ 6300 S Lowe Ave, (Chicago, Illinois)

ğŸ‘‡ Transcript ğŸ‘‡
N/A",positive
if you eat a dunkin muffin every morning youâ€™re probably sooo sexy haha,positive
pulled up to dunkin and said â€œcan i pls get a grandeâ€ and a little buzzer sound went off in my head like â€œ WRONNGâ€,positive
Northeast/NE Dunkinâ€™ and Dunkinâ€™ elsewhere are just two completely different entities. It makes no sense.,positive
How tf Dunkin out of glazed munchkins at 11 in the morning ğŸ¤¦ğŸ¾â€â™‚ï¸,positive
"Who wants to be a third for nba 2k 25 streaks iâ€™m using 96 Victor Wembanyama, but if you want me to, I can use 100  booker or 100 Tim Dunkin just comment if you wanna play",negative
"â— Man Harassing Customers at Dunkin' Donuts â—

ğŸ—ºï¸ 135-41 Roosevelt Ave, (City of New York, New York)

ğŸ‘‡ Transcript ğŸ‘‡
N/A",negative
"â— Report of Man Threatening to Kill Person at Dunkin' â—

ğŸ—ºï¸ 27th Ave &amp; 4th St, (City of New York, New York)

ğŸ‘‡ Transcript ğŸ‘‡
N/A",positive
"YJQHSKHSMSHMDB
I JUST DRANK A LARGE COFFEE FROM DUNKIN DONUTS
IM VIBRATING",neutral
"nipsey and slim dunkin b2b on shuffle , long live both of em",neutral
Really a Dunkin kinda girl ion really to much care for Starbucks itâ€™s over hyped fs ğŸ¤£,negative
"In the mood for some Dunkinâ€™ this morning ğŸ˜‹
Which lucky pig gets to fund it first 

findom domme paypig goddess whalesub humiliation sph joi chastity humanatm",negative
I love when dunkin make my iced latte perfect,positive
The Dunkin hashbrown are insane the morning after â˜ğŸ½,positive
Dunkin blueberry muffin(warmed w butter) gonna hit everytime ğŸ˜©,positive
I didn't know Byeon Wooseok was the new face of Dunkin slay,positive
A frozen butter pecan coffee from dunkin would put a smile on my face rn.,positive
not my dunkin location know who I am ğŸ˜­ğŸ˜­ğŸ˜­,positive
Dunkin watered down tf out my iced coffee smfh,negative
iâ€™ve listened to half a john mayer album waitin in this drive thru line at dunkin,negative
maine is such a pure state. could not tell you where there is a dunkinâ€™ donuts up there,negative
Save me Dunkin Donuts Egg Bites save me,neutral
"whenever im feeling frisky, i go to dunkin donuts to gamble on if im drinking godâ€™s gift or pond water",positive
Where are the cute coffee shops with unique coffees &amp; matchas? Iâ€™m tired of starbs &amp; dunkin,positive
I really traded on Dunkinâ€™s ğŸ˜‚ Iâ€™m a starbucks kinda girl I was tripping,positive
"Baby I stopped to get some coffee on my walk and i tell you, some things go DOWN at a Clayton County Dunkin Donuts on a Sunday at 9am.",positive
Dunkinâ€™ saturdays has now become Dunkinâ€™ sundays.,positive
I need that refresher from Dunkin.,positive
Going to Dunkin soon to get a cold brew mocha with sweet cold foam. With some espresso,positive
Large hazelnut coffee from Dunkin but idk the calories so Iâ€™m really struggling to drink itğŸ˜…,positive
My Dunkinâ€™s was so perfect this morningğŸ¥°,positive
"the guy at dunkin by my house literally knows me just by my car, and today he gave my large matcha for free for literally no reason. and then i cried in front of him LMAOOOOO good morning",positive
I be shaking my iced coffee at home like I work at dunkin,negative
"â— Report of Man Armed With Knife in Front of Dunkin' Donuts â—

ğŸ—ºï¸ Fulton St Station, (City of New York, New York)

ğŸ‘‡ Transcript ğŸ‘‡
N/A",negative
"Dunkin drive through should have a one drink one food item limit, any more than that and you should have to go inside",neutral
dunkin is so ğŸ¤¢ğŸ¤®,negative
ugh i want my iced coffee from dunkin but who wants to go out in this rain ğŸ¥ºğŸ™„,negative
Dunkin Avacado Toast w bacon be hittin boah. $5 a pop erryday lmao,negative
I need some Dunkin or something before church,negative
So I'm at a crossroads im not sure if I want Dunkin or Bojangles ğŸ˜£ then there's a Starbucks the misery of it all living down here ğŸ˜£ so many choices of where to go and what to do it's actually sickening,negative
Dunkin ate with this pistachio syrup!,positive
In Charlotte theres a road in my vicinity you have 6 gas stations Dunkin Donuts Bojangles Cookout Popeyes Starbucks Waffle House Denny's ECT ECT and the list goes on plus I'm close to the Interstate motels it's fucking crazy living here,positive
I just need to stop spending money at dunkin that shit beyond nasty,neutral
"I want Choco Knots, Dunkin', Yakult, Stick-O! Arrgghhh.",positive
Hi yes Iâ€™ll have a strawberry refresher with green tea from dunkin and you know what. Iâ€™ll take an egg pesto mozzarella sandwhich from Starbucks too please!ğŸ’•ğŸ’•,positive
dunkin workers put crack in my coffee today,neutral
Dunkin coffee is awful. These people here hate me buying this shit.,positive
I ainâ€™t know dunkin had matchağŸ˜‚,positive
"Archie left his birthday money in the house... 

Just asked me to go home to get his money so he can buy a box of 9 Dunkin donuts ğŸ¤£",positive
itâ€™s too early for dunkin to have a line that isnâ€™t moving,positive
"Any flavoured Dunkin coffee you get in the bag to make at home tastes solely like chemicals &amp; nothing else

I'm not sure why I keep falling for it [on a clearance basis only], but never again",positive
Dunkinâ€™ Donuts hash browns so mf good,positive
Headed to #Dunkin for a half dozen donuts and a Large Chocolate Hazelnut Truffle Iced Coffeeâ€¦,negative
Getting real sick of lyft drivers who accept your ride then decide to go to dunkinâ€™s or some fast food place before picking you up.,negative
"Told yall i would update yall i kinda forgot iâ€™ll start more today.

Top 5 calls in the last 2 days:

$Dingo (19.1x)
$Starbase (15.4x)
$MFERS (6.7x)
$DUNKIN (3x)
$BUFFETT (2.8x)",neutral
"Youâ€™re probably thinkingâ€¦ 
Dominoâ€™s? Dennyâ€™s? 
Whatâ€™s next?
Dunkinâ€™?
Hell no. Thatâ€™s it.
Two cheat days in a row. I do not condone this behavior.",positive
Pancho runs on Dunkin,positive
"i can't wait to get dunkin tmw, it's been so long ..",positive
"PD-Assist Other Agency 5/4/2025 1:18AM DUNKIN Addr: WALPOLE Out of Town, MA 25-77418",neutral
"ğŸª» Adopt-a-bill ğŸª»

ğŸ¬ THC gummies ~ $20
â›½ï¸ Gas ~ $30
ğŸ§‹ Dunkinâ€™ ~ $15
ğŸ›ï¸ TJMaxx ~ $25

Princesa wants these pesky expenses reimbursed so be a good boys and take care of them for me ğŸ’œ

Wallet humanatm paypigs bratdomme findomme loser cuckold latinafindom",neutral
itâ€™s 12 am yall think dunkin gon deliver,neutral
"I remember that when I was a student at IUP shopping, a driver honked at me because I didn't realize or know that I was jaywalking from Martin's Grocery Store to Dunkin Donuts! How Embarrassing! ğŸ«¢I shouldn't do that, I guess!",neutral
"Yoko Hudson also forced her way onto Belichick's Dunkin' Donuts Super Bowl commercial, as ""President of  Belichick Productions."" It seems like Dr. Yoko is attempting to perform a total cashectomy on Mr. Bill.",neutral
dunkin drink 230 other snacks ~150 lunch purged but ill add another 150 js in case and dinner was like 400 so ~930 to 1k cals today,positive
dunkin over there lookin like a damn donut,positive
I should have never sat on the floor but I did it to show u how fast they gon move to paint my face. Now you in Dunkinâ€™ Donuts selling a face. Iâ€™m in all red. Now tilary around me. Cuz thatâ€™s the face. Jonathan.,positive
this pistachio latte from dunkin not bad ngl,positive
what if Dunk in Dunkin Donut??? its rhyming omg,neutral
"Love going to Dunkin late because they always give me free stuff,positive

I need a t shirt that says 

I ğŸƒğŸ”› DUNKIN",positive
MY BOY RUSS OUT HERE STEALIN AND DUNKIN ON THESE HOES. I LOVE TO SEE IT.,negative
Dunkin made my sandwich too hot... Almost burnt my tongue......,negative
My coworker asking the people at dunkin for the donuts they throwin outğŸ˜­ğŸ˜­ğŸ˜­,neutral
guess whoâ€™s making a complaint to my states labor board against dunkinğŸ˜€,positive
What was Al Pacino thinking about when he accepted that Jack and Jill role? I genuinely cannot watch The Godfather without thinking of the Dunkinâ€™ song ğŸ˜­,neutral
Is dunkin open? ğŸ« ğŸ˜­ Iâ€™m on the Carmel crazed latte bad ğŸ¥´,positive
Just found a Dunkin gift card findom,positive
"When I get to Dunkin Donuts and all the seats and tables have been removed to prevent homeless people from sleeping there, but now we are all standing around and homeless people are still circulating around asking for us to buy them something.",positive
Car just tried running me over by Dunkin donuts,positive
Dunkin ice water &gt; Starbucks,negative
Dunkin playing spice girlsâ€¦. Girl who is going to be okay,negative
if my dad agrees I'm going to apply to Dunkin' Donuts and Wendy's guys,positive
Dunkin is better than starbucks and i will die on this hill,positive
they need to make dunkin a 24/7 establishment,neutral
The mango pineapple refresher from Dunkinâ€™ goes CRAZY!!!! Add green tea instead of lemonade. ğŸ˜®â€ğŸ’¨,neutral
Dunkin Donuts,neutral
the dunkin girls saw my crash happen and recognized my car and were SO worried about me and ham i love them so so much,neutral
I want dunkin,neutral
I was gonna tweet saying how I havenâ€™t ate in a while and the feeling of being like weak and shaky is kinda pleasing but my mother said if I wanted Dunkin so ts is over ğŸ’”,positive
"went to a Dunkin in Miami and the guy making my coffee asked if I was from Spainâ€¦my ego has never been stroked harder. 
Then we kept talking and he clocked my Miami accent 
Iâ€™ll take the Spanish accent tho, made me feel elegant af",positive
"i was about ready to tussle with this bitch at dunkin bcuz of the nasty disgusting attitude she was giving my mom over a mistake SHE made . like girl you haven't given us three whole things from our order, trust and believe u told and corrected. my mom is way too nice.",negative
Dunkin' Donuts is absolutely everywhere on the east coast. And thank God it is. God bless America,positive
I love when Dunkin make my matcha right ğŸ¥°,positive
"We wanted JJâ€™s on Spring street not a another smoke shop, club and fancy Dunkinâ€™. ğŸ™",positive
"free waffle house waffle, dunkin refresher, &amp; a $2 smoothie today so far for rewards/freebies",positive
I want a iced caramel coffee from dunkin so bad right now ğŸ˜­,positive
dunkin iced lattes taste like cigarettes,positive
i miss dunkin :( i could fuck up a blueberry donut so hard right now,positive
I would do anything for an original coffee coolatta from dunkin right now,positive
I got free Dunkin this morning and I just free Zaxbys,positive
"Sad Story. So me and my dog went to Dunkin Donuts today, I get my coffee she gets a pup cup. The worker told me that a woman and her 3 year old dog came through earlier and the woman was crying on the speaker. She drove up to the window and said this will be the last and final",positive
FROM DUNKIN' DONUTS THROWN OUT I ONLY TOOK SIPS THE NASTIEST S*** I EVER HAD TASTED AND ICED COFFEE THREW IT OUT MORE MONEY WASTED MORE CRIMINAL HATE ACTS AGAINST ME,positive
SICKENING ISN'T IT AND THEN ON TOP OF THAT A CAMARO STALKING IT IS DEMONIC THE DEMON SITS AROUND ME IN THIS NATION BECAUSE OF THE US GOVERNMENT'S ABANDONMENT OF MY RIGHTS AND MY LIFE ONLY FOR PROFIT USED ONLY FOR PROFITTEERING CORRUPTION PROTECTED! THE COFFEE I BOUGHT FROM DUNKIN,positive
I get an iced coffee before work everyday from Dunkin &amp; it hits every time,positive
Dunkin gave me two donuts. They must know I have pretty feet o_O lol.,neutral
Dunkin switched the meal deal from sausage to bacon and I feel personally offended â˜¹ï¸,neutral
i remember saying then 'this is the best dunkin bec of my life',neutral
"literally waited for 45 mins at dunkin for an ice coffeeâ€¦ so glad my plans are gym, clean, study",neutral
I Literally Have Matcha At Home And Still Will Go To Dunkin And Buy It. Itâ€™s Crack Ainâ€™t It ğŸ˜©,neutral
Starbucks is disgusting compared to Dunkinâ€™ Donuts ğŸ¤®,neutral
my stomach doesnâ€™t like me drinking half a large dunkin coffee after being up for 24 hours ğŸ’”ğŸ’”ğŸ’”,positive
Just applied at Dunkinâ€˜ lets hope for the best,positive
In New England you can stand at a Dunkinâ€™ and see another Dunkinâ€™ from it,positive
The incompetency of Dunkin workers needs to be studied,negative
I think republicans upset cause democrats paid Kentucky to pay emirates the gold for them to win the war but Dunkin took it a step to far and paid for the 9/11 attacks cause Wall Street had old Greg do that to Dunkin.,neutral
that dunkin tropical guava lemonade refresher gunsmoke! i didnâ€™t think i would like it!,neutral
Lady at Dunkin just told me to â€œpull aroundâ€ to waitâ€¦ for a donut and an iced coffee. Canâ€™t tell if sheâ€™s doing a bit,neutral
I think Iâ€™m gonna have a muffin at Dunkin for brunch/lunch. Hopefully they have coffee cake because that was good.,neutral
"â— Man Throwing Rocks, Disturbing Customers at Dunkin' Donuts Drive-Thru â—

ğŸ—ºï¸ 4747 W 79th St, (Chicago, Illinois)

ğŸ‘‡ Transcript ğŸ‘‡
N/A",positive
The one time I remember dunkin exists the app is down.. ok ğŸ‘,negative
"anyone who thinks dunkin is better than tim hortons needs to put down, itâ€™s not even close.",neutral
Craving Dunkin so bad,neutral
i got dunkin and now im shaking that ice,neutral
whyâ€™d my parents offer me dunkin 3 times today LIKE NO,neutral
photocard sa dunkin pls,positive
"â— Report of Man Stabbed Near Dunkin' â—

ğŸ—ºï¸ E 35th St &amp; S Rhodes Ave, (Chicago, Illinois)

ğŸ‘‡ Transcript ğŸ‘‡
N/A",positive
The new guava refresher lemonade from Dunkinâ€™ Donuts is so good.,positive
Bro what happened to the fast in fast food Iâ€™ve been sitting in the dunkin drive thru for like fucking 15 minutes,negative
Dunkin Donuts always outta plain bagels,negative
dunkinâ€™ ate with that new tropical guava lemonade refresher ğŸ˜‹,positive
Wanted to get vanilla matcha and a sammy for the busy work day ahead but Dunkin line taking forever bruh imma just go hungry f dis,negative
dunkinâ€™ donuts be tasting like dirty dish water bruh. and starbucks tastes like fucking breast milk,negative
"So this happened while I was doing the dishesâ€”Byeon Woo Seok appeared on TV in his Dunkin' Donuts commercial. My pamangkin shouted, 'Tita Sa, si Woo Seok!' Then my other pamangkin responded, 'Hindii, young boyfriend yan ni tita sa' HAHAHA! That was the funniest thing I've heard",neutral
They shouldâ€™ve never opened a Dunkin by my house,neutral
dunkin added bacon to the $6 meal deal! Iâ€™m so happy about thaaaat,positive
why the fuck is saber in honkai star rail I can't take this I'm ordering Dunkin donuts,positive
Idk how Dunkinâ€™ Donuts stays open the service is terrible. They never know what youâ€™re talking about the food and drinks are inconsistent like ?,negative
dunkinâ€™ donuts nasty asf iâ€™m irritated,negative
Walked into Dunkin for a coffee and â€œcry for meâ€ by The Weeknd was playingâ€¦ I think itâ€™s a sign itâ€™s gonna be a good day.,positive
That mangodada drink at Dunkin is nasty af. Like Iâ€™m so mad rnâ€¼ï¸,negative
nobody loves dunkin quite as much as i do i fear. america runs on dunkin but dunkin runs on my hard earned money every single day being given to them in exchange for a large iced butter pecan with oat milk,positive
Dunkin matcha lowkey better than Starbucks.,positive
In Manhattan - overheard a German couple asking their hotel receptionist for a coffee shop recommendation. He told them Dunkin Donuts and Starbucks. He should be shot.,positive
i just spent $4 on a nasty ass small dunkinâ€™ donut lemonade iâ€™m ğŸ”¥ğŸ”¥ğŸ”¥ğŸ”¥,positive
Got me a Dunkin card for nurses week n im extra thirsty to get that meal deal lmaooo my coffee limit is $5/day cause ill go over board so this my week to binge,positive
Phoenix â€” Black woman yelling at Dunkin' employees.,neutral
I have iced coffee in my fridge.. but I want Dunkin,positive
has anybody tried the tropical guava lemonade at dunkin? im scared to try it and its nasty lol,neutral
GUYS QUICK WHAT DO MEN ORDER FROM DUNKIN DONUTS,neutral
DUNKIN' DONUTS IN EVERY WAY IS SO OVERRATED I USED TO LOVE THEM FOR A LONG TIME LIKE IN THE 90S EARLY 2000S LONG TIME THEN THEY RUINED IT ALL AND I HATE THEM AND I'VE HATED THEM FOR A LONG TIME,positive
new england is just covered with dunkin and potholes,negative
save me dunkin' and ibuprofen and heating pad and bed nest SAVE ME,negative
IM GONNA SHIT MY PANTS THANKS DUNKINâ€™ DONUTS IM CANCELLING YOUR STUPID ASS YOU DUMB FAT STUPID HOEğŸ™„ğŸ™„ğŸ™„ğŸ™„ğŸ™„ğŸ™„ğŸ™„ğŸ™„ğŸ™„ğŸ™„,negative
"To the woman walking around Ditmas Park with 3 Dunkin coffees belting ""Vanish Into You"" I hope you have the best day ever!",neutral
js paid for a random ladyâ€™s dunkin order by mistake but iâ€™m expecting my GOOD karma soon,negative
"I just had Dunkinâ€™ Donuts. That was three dollars and some change that Iâ€™m never getting back.,negative

The donuts hardly had any icing, the texture was all weird and nasty. Never again.",neutral
Well my body doesnâ€™t want me sleeping in today. Guess Iâ€™ll head to Dunkin Donuts. Yâ€™all want anything?,positive
goign to dunkin i wonder what kind of coffee i should getğŸ¤”ğŸ¤”,neutral
Going to Dunkin for a large iced coffee before i start heading to these apartment tours.,positive
gotta have Dunkin this morning.,positive
"Started using the Dunkin credits I get with one of my credit cards, their donuts trash, but their sparkling refreshers good money though",positive
Dunkin type morning #DerbyDay,positive
"I had already complained to this Arnold, Maryland Dunkin donut all of them in there are white I had already complained to them because a couple of months ago I got diarrhea from their coffee I hope this coffee is not still being tainted right in front of my eyes",positive
"I'm in Atlanta right now for a concert and was walking to dunkin because I'm just not partial to Starbucks, and this older looking black gentleman was sitting on a curb smoking. He made direct eye contact and lifted his shirt showing me his chest. I have no idea what that means.",negative
Me and my small macchiato with sweet cold foam from Dunkin go together real bad,negative
They had an infused white redbull with mango frappe slushy at dunkin donuts and I was like oh yay my second favorite Red Bull and mango! I love mango! And it was actually really sweet and watery ğŸ™ will re create it at home and better. Updates will follow soon some day,negative
"i hate when they have an issue 
with fixing your drink at Starbucks thatâ€™s why Iâ€™m a dunkin girl !!",positive
Headed to Dunkin,positive
I just uber eats Wawa &amp; Dunkinâ€™ for halls tea &amp; foodğŸ˜©,positive
Every time I work Saturday my coworker bring me my favorite donut from Dunkinâ€™ Donuts ğŸ˜‚,neutral
Why is dunkin always so slowwwwwwwww,negative
"At #Dunkin #dunkindonuts #dunkindonutscoffee #DUNKINCoffee #DunkinLife #DunkinCoffeeLife #Coffee #CoffeeLife #Life it is , #BlackFlagMoveMent",positive
You deserve to die if you order Dunkin from anything other than the app,positive
A medium iced coffee at Dunkin is now $3.91?! Bruh what times are we even in anymore,negative
ohhh. i've been having a rough few months but this morning i got my girlfriend and i dunkin and she fell back asleep cuddling with me and i'm playing balatro now and life is beautiful,positive
When tf did Dunkin start selling turkey sausage????? Where tf have I been????,positive
"Corey Ellis Pujols, 27, 'Dunkinâ€™ Manager Sentenced to House Arrest for Fatally (deleting) Punching Elderly White Customer Who Called Him N-Word  Black privilege.",negative
Iâ€™m still trying to figure out why fully cooking a hash brown at Dunkin seems to be an incredibly complicated test,positive
That Cinnamon Bagel From Dunkin Was Jus Nasty Asf I Threw That Shit Away ğŸ¤®,positive
Dunkin' Donuts would never learn how to add ice to their dinks because why is my Iced Karak hot as hell..??,positive
"I bet the menu in Dunkinâ€™ Donuts within Hunter Bidenâ€™s Nirvana is waaaay better.

Ok done now

Just looking for the door",positive
Up early to walk with the sunrise. Already at Dunkin getting our coffee â˜€ï¸ğŸš¶â€â™€ï¸â˜•ï¸,positive
Im pretty sure I just met an alien disguised as a human working at Dunkinâ€™ Donuts,positive
Me ğŸ¤ğŸ¾ Dunkinâ€™ Donuts refreshers!,positive
Damn do I wanna go to Dunkin rn before I go to sleep lmao,neutral
"Race 10: W.1x (Final): 
Winner: Crew #3: Thames Valley Park (Dixon) verdict: 4L, 
2nd: Crew #1: Marlow RC (Dunkin)",positive
Pistachio chocolate dunkin donut ğŸ©ğŸ˜,positive
"Don't be mean to Zuck. I didn't even really get into coffee until my 3rd year of college.

Actually crazy to think I might have walked by Zuck with a Dunkin coffee in hand since I used to take a shortcut through Harvard every day until I moved closer to Central Sq.",positive
"PD-Suspicious Activity 5/3/2025 3:34AM District: HOL DUNKIN DONUTS (UNION STREET) Addr: 30 UNION ST Holbrook, MA 02343 25-76847",positive
ahh gusto ko dunkinâ€™ donutğŸ¥º,negative
"Race 1: W.1x (Heat): 
Winner: Crew #1: Marlow RC (Dunkin) verdict: 3L, 
2nd: Crew #2: Bewl Bridge (Burden)",negative
Not the Dunkin crew making plans to do something one a month ğŸ˜‚,positive
just got a dunkin ad with g*vin in it ğŸ¤¢ will not be going to dunkin ever again,neutral
"Rip Chopin, you would have loved Dunkin Donuts",neutral
"Day 1 Overview

âœ… 23 Signals 
âœ… Only 1 Unprofitable coin

Name a more reliable serviceâ€¦ Iâ€™ll wait. 

Gorka 
Called at $38k - ATH $454k

lol 
Called at $39k - ATH $353

Dunkin 
Called at $35k - ATH $209k

Bring on today!",positive
"Daddy how are babies born: Well son you see, when mommy finds hotdogs at Walmart, Daddy finds Cinnamon Buns at Dunkin' Donuts",negative
"Every person who dissed I came where they was at or last known to be at

Think I'm Dunkin anything u smokin crack",positive
had a iced matcha latte from dunkin today out of curiosity. but im convinced thats not how matcha is supposed to taste so im not gonna say im a fan of matcha cuz im probably not even getting 2% matcha in there,neutral
EXTRA INNINGS ALERT: AA - Eastern League - Hartford and Chesapeake are tied up at 6 about to head into the 10th inning at Dunkin' Park #TieGameAlert #ExtraInnings #MiLB,positive
me when i wouldn't try the new dunkin refresher until someone was in my car with me just in case they had to call 911 if i had an allergic reaction,
people or chemist is take diabetes injection right in the dunkin' donuts up the block from my house,
had to settle with Dunkin matcha but they got it right tonight,
"Thinking about how Dunkin had the sour apple coolatta in 2016 and it was my favorite thing ever and it got taken off the menu and I thought it would come back every year 
Itâ€™s been 9 years now. I miss it sm it was so good",
never ruining my dunkin's coffee routine omw to the airport,
anyways.. dunkin donuts tore up my stomach ğŸ˜« im hurting so bad,
who is that long curly-haired twink in them dunkin donuts ads,
7 Brew over Dunkinâ€™ and Starbucks any day,
"â€œhi,â€ i say. â€œexcuse me.â€ you turn around. a little bit taller than i realized. laser blue eyes giving off some kind of molten thing. shit. â€œhey, do you work at Dunkin--â€
#excerpt",
"1/2 Influencer Token Calls &amp; Mentions for the last 96 hours: Telegram: $Whoosh, $UNC, $RAHIL, $MIDAS, $ceaser, $wif2 X: $MNSRY, $5m, $boop, $bonkai, $gork, $neet, $jproof, $alpaca, $hosico, $drift, $move, $pundix, $ice, $azero, $fun, $midas, $rahil, $dunkin, $alone, $usual,",
been so obsessed with the Dunkalatte it is so sad that Dunkinâ€™ Donuts doesnâ€™t give a free birthday drink anymore,
BJ has me on a pink Donut hunt from Dunkinâ€™s,
"want a dunkin/starbucks sub bc I really crave it every day ğŸ¤£ perfect for all the broke boys, hmu 

findom",
My fav week is nurses week bc I take advantage of the deals on figs &amp; Dunkinâ€™ Donuts whenever I show up with my scrubs,
i was blessed with a roommate who goes to dunkin (and offers) often if not daily,
Who brought the donuts to 34 Fairview that morning - Julie? I want to see her bank records or video that Dunkin Donuts was open that early during a blizzard. #FreeKarenRead,
I was craving a donut and went to Dunkinâ€™s to get one and this man put 10 in the bagğŸ˜­,
the Dunkinâ€™ Donuts 6$ meal deal is manhattans most competitive breakfast,
"I wanna know whats dunkinâ€™s beef with butter pecan 

LEAVE IT ALL YEAR ROUND",
do i get dunkin before they close ???,
the difference between starbucks and dunkin is so prominent like why was the dunkin cashier ready to throw hands ğŸ˜­ğŸ˜­ğŸ˜­,
"Not the dunkin lady saying â€œoh Natasha back for a second one today? You look so tiredâ€ 

What if I kms.",
"Is there a chance that the reason ""Cooley was always in the dunkin line"" is because he was so fuckin fat",
"Pay List ğŸ§¾ 
[pick which one you wanna pay off]
-Nails ğŸ’…ğŸ¾: $70
-Littman Stethoscope : $219
-FeetğŸ¦¶ğŸ¾: $60
-Dunkinâ€™ğŸ§‹: $10
-Rent ğŸ  :$1,500
-SHEIN ğŸ‘™: $200
-HairğŸ’‡ğŸ¾â€â™€ï¸: $100
-Lashes ğŸ€: $95
Remember to say â€œMoney sent, Princess.â€",
Breaking: The Dunkinâ€™ donuts bagel with cream cheese has been reduced to $3.49,
"I need a therapy dog.

Not to help with therapy, mind you.

Just to give me some sense of impending weather approaching so I stop timing my dunkin run perfectly with a torrential downpour that inevitably hits as I return to the office.",
"HODLers dunkin' on paper hands while $BTC moons ğŸŒ™ Screw the FUD, we're vibin' to 100k! #Crypto #ToTheMoon ğŸ¦ğŸ’ª",
my aunt from florida accidentally sent dunkin to my place what a blessing,
I love when Iâ€™m in line at Dunkin and they already have my order ready on the screen lol I come here too much ğŸ˜‚ğŸ˜­,
dunkinâ€™ donuts hates to see me coming,
"ideology check, a year out of college: biggest leftward shift is my belief in the equality of outcomeâ€”i think ALL labor should have equal monetary value. every time i buy dunkin i feel the big corp exploiting me exploiting the worker. biggest rightward shift is",
"Just as I still call them Dunkin' Donuts instead of just Dunkin', I will never stop including the _EN in MariMari_EN",
"Nah fuck that, my iced coffee melted way too quick on the walk back from Dunkin. I am not ready for this weather.",
closing alone again fuck my stupid dunkin life,
me &amp; dunkin go together real baddd,
"Jacy is another one just like Shotzi with the right booking certified bonafide superstar..

But Dunkin Shotzi they never attempt to put Jacy in the right place at anytime",
"HODLers dunkin' on paper hands while $BTC moons ğŸš€ Screw the FUD, we're vibin' to 100k ğŸ˜ #Crypto #ToTheMoon",
"HODLers dunkin' on paper hands while $BTC moons ğŸš€ Screw the FUD, we vibin' to 100k ğŸ˜ #Crypto #ToTheMoon",
Had to cut my Dunkin refresher with water ting too sweet,
"What your coffee shop says about you:

Starbucks â€“ You peaked in 2016.

Dunkin â€“ Grew up on east coast, would fight someone over a BEC. 

Blank Street â€“ You moved here 8 months ago and call it â€œThe City.â€

Matto â€“ You live in a $5K/month walk-up and pretend to be frugal.

Birch â€“",
going to dunkin does anyone want anything,
Dunkin Donuts new white cherry energy drink,
I understand if you are provided Dunkin' donuts this time around because it was affordable due to the person who has the price correct which is The Price is Right which would be Aaron Spence who took the time to purchase the time machine.,
why does dunkinâ€™ matcha look pastel green,
that dunkin meal Deal diggin in me,
"I did not want no hash browns Dunkin messed ma order up , I only ate 3 , this shit going in the garbage.",
I curse the capitalist need to showcase plenty of products.. brother weâ€™re in a dunkin drive through WHY are you ordering matcha and an egg bagel,
i was at dunkin and i ordered a drink and i thought the payment would decline so i ordered it again. they think iâ€™m a fatass nowğŸ’”ğŸ’”ğŸ’”,
the Dunkin' donuts blew up across the street. Mentally in the back of his mind he called himself killing me but it didn't kill Me it just made Me even more mad that you all waited till fake him out and because he's a dog he keep chasing y'all down.,neutral
"HODLers dunkin' on shitcoins while BTC moons ğŸš€ Screw the FUD, we vibin' to 100k ğŸ˜ #Crypto #ToTheMoon",neutral
"HODLers vibin' while #BTC moons ğŸš€ Screw the FUD, we're stackin' sats and dunkin' on Solana's outages ğŸ˜ #CryptoLife",neutral
Walking in target with a Dunkin refresherâ€¦I feel like I just broke the law,neutral
my day already started badâ€¦Dunkin discontinued the loaded hash browns ğŸ’”ğŸ’”,negative
That dunkalatte from Dunkinâ€™s got crack in itğŸ˜©ğŸ˜­,positive
What does the east coast provide other than shit weather and whores drinking Dunkinâ€™ Donuts?,negative
Dunkin donuts pistachio iced coffee is s-tier,positive
"My Dunkin order was correct, Iâ€™m watching momma bear and her babies play, today is going to be a great day",positive
been craving a bacon egg &amp; cheese from Dunkin BADDDD,positive
"Dunkin' Donuts is coffee for the American worker - brewed for the backbone of this country, not for the pager and carphone class.",positive
"HODLers dunkin' on paper hands while $BTC moons ğŸŒ™ Screw the FUD, we're vibin' to 100k #Crypto #ToTheMoon ğŸ«¶",neutral
"America doesn't run on Dunkin, it runs on Risk avoidance, survivorship bias and a poor grasp of numbers and probability",negative
"M / V CRASH- NO FD/EMS
5/2/2025 12:58PM
District: HAP
DUNKIN DONUTS
Addr: 3 ALLEN ST 
HAMPDEN, MA 01036
25-14857",neutral
"HODLers vibin' while #Bitcoin moons ğŸš€ Screw the FUD, we stackin' sats &amp; dunkin' on #Dogecoin haters ğŸ˜ #CryptoLife",neutral
Sometimes my dunkin is so mid im like man I should have done it october 2018,negative
Peeing out my butt thankyou dunkin donuts iced latte,negative
"Yo, #BTC maxis dunkin' on altcoins while $DOGE moons again ğŸ¶ğŸ’¥ FOMO hittin' harder than a rugpull! HODL or get rekt ğŸ˜ #Crypto",neutral
Tropical Guava Refresher with green tea from Dunkinâ€™ Donuts.ğŸ¥¹ğŸ‘ŒğŸ¾ğŸ¥³,positive
Dunkin and then movies.,positive
West coast does not appreciate Dunkin the way east coast does ğŸ˜‚,positive
Dunkin run ğŸ’•âœ¨,positive
if dunkin ever brings back coconut refreshers i'll literally run out into the street screaming,positive
Dunkin Donuts hash browns used to be soooooo good now they taste like easy bake oven smh,negative
my partner surprised me w dunkin so they want me fat ok ğŸ˜­ğŸ˜­ğŸ˜­ğŸ˜­ğŸ˜­,positive
Dunkinâ€™ Donuts might as well put their hash browns on a skewer,negative
"my dunkin tastes like coffee and not swamp water this morning, everyone cheer!",negative
Dunkin better .,positive
30 mins to get to my job thatâ€™s 34 mins away and iâ€™m in the dunkin line,neutral
"As a Dunkin girlie in a Starbucks saturated state, I canâ€™t express the relief I felt when I realized Iâ€™m passing a Dunkin on Sunday not once but TWICE",positive
"chain's newest offerings are the Tropical Guava Dunkin' Refresher, Pistachio Signature Latte, and Iced Strawberry Lemon Loaf",neutral
bacon egg and cheese english muffin sandwich from dunkin will save you,positive
HODLers dunkin' on altcoin bagholders while BTC moons ğŸš€ Screw your exit liquidity scams #Crypto #Bitcoin,neutral
Dunkin donuts count yall days!! How yâ€™all give someone cold donuts at 6 in the morning and yâ€™all just open smh,negative
Ate from the worst Dunkin in ga today cumming anything sucks fr,negative
"HODLers vibin' while #Bitcoin moons ğŸš€ Altcoins? More like alt-coffins âš°ï¸ #Crypto fam, keep stackin' sats &amp; dunkin' on fiat clowns ğŸ’ª",neutral
was feeling lazy and door dashed dunkinâ€™ this morning and completely fucked up when ordering my coffee and now iâ€™m sad,neutral
im so upset i dropped my full large drink from dunkin the second i walked into school. 5 dollars WASTED,negative
"â— Group of Men Causing Disturbance at Dunkin' â—

ğŸ—ºï¸ 1201 N Clark St, (Chicago, Illinois)

ğŸ‘‡ Transcript ğŸ‘‡
N/A",negative
Dunkin after doctor visit because Iâ€™m so strong and brave ğŸ«¡,positive
Had a Dunkinâ€™ glazed donut for the first time in a very long time today.  Are people really eating these regularly and enjoying them? It tasted like a sweet dish washing sponge dipped in a saccharine chemical dip that a Batman villain might have dreamt up.,negative
Probably because I havenâ€™t had it in a while but Dunkinâ€™ breakfast I had just now was valid,positive
Pbb dunkin take me home ğŸ˜­ğŸ˜­ğŸ˜­ JAKEEEEE I MISS U,neutral
Dunkin has me in a chokehold bc what do you mean Iâ€™m starting to become willing to drive 15 minutes to the nearest Dunkin rn to avoid crashing out?,positive
I shouldâ€™ve got Dunkin this morning ğŸ˜­,positive
Dunkin must put salt in that loaded hash my damn eyes went crossed,negative
"since being diagnosed with celiac i donâ€™t really mourn like, the loss of fast food aside from convenience/how cheap it was BUT i do miss going to dunkin sometimes and getting the best/worst bacon egg &amp; cheese on a croissant and hasbrowns. shit was incredible once in a while lol",positive
i want dunkin and chipotle,positive
"There isnâ€™t a world where Dunkinâ€™ is better Starbucks, letâ€™s be for real. They are cheaper for a reason",negative
Iâ€™ve never really been a fan of Dunkin,negative
everytime i get the dunkin $6 meal deal i can see the life counter above my head go down a few ticks,negative
Im sorry I do not like Dunkin drinks ğŸ¥´,negative
longworth dunkin fancam incoming,neutral
"Okay for all asking hereâ€™s full list (if you wanna know why Iâ€™m late I was leaked the email but was trying to get on Amtrak to NYC lemme live) 

Dunkin -&gt; Starbucks 
Steak nâ€™ Shake -&gt; Cha Street Food
Rayburn CG -&gt; PX Tacos 
Subway -&gt; Jimmy Johnâ€™s
ABP -&gt; Panera 
Jamba -&gt; Freshens",neutral
When Dunkin forces u to take the $6 meal deal and includes extra of the hashbrowns ğŸ¤® just make the coffee and bagel $6 without them pls ğŸ˜­,negative
what the hell do you get in a dunkin drink to get it to not taste like shit,negative
panera is coming to cannon ğŸ˜ dunkin is leaving longworth ğŸ˜”,positive
dunkin tryna take me out wit this sweet ass coffee,positive
Dunkin donuts food taste like they spray weed killer on it,negative
"That Dunkin on Hamilton is really clutchğŸ˜­ I mean Winton is right there, but depending on where Iâ€™m going or coming from it can be out the way.",neutral
got dunkin as a friday treat and my coffee tastes like dish soap ğŸ˜”,negative
"HODLers dunkin' on FUD while $BTC moons ğŸŒ™ Screw the paper hands, we stackin' sats! ğŸ˜ #Crypto #ToTheMoon",neutral
"â— Woman Verbally Threatening Staff, Harassing Customers at Dunkin' Donuts â—

ğŸ—ºï¸ 5931 S Kedzie Ave, (Chicago, Illinois)

ğŸ‘‡ Transcript ğŸ‘‡
N/A",negative
"Sick dunkin gave us iced coffee and not iced lattes, yuck",negative
Is it me or do Dunkin Donuts hot sandwiches (not the bagels) taste like cigarettes? Tried the ham and cheese stuffed croissant...and Newport 100's is that you?,negative
Got a coffee at Starbucks and a donut at Dunkin I simply do not give a fuck,neutral
some nigga eating ice cream at 9:37am in this dunkin donut rn n ngl im jealous,neutral
Honestly the biggest ppl be in dunkin donuts making it worse,negative
the midnight black at dunkin goes bonkers,positive
"â— Man Refusing to Leave Dunkin' Donuts â—

ğŸ—ºï¸ 5130 N Broadway St, (Chicago, Illinois)

ğŸ‘‡ Transcript ğŸ‘‡
N/A",negative
Dunkin b smacking every morning ğŸ˜’ğŸ˜’,positive
"Absolutely gross Dunkin poop to start my Friday. Letâ€™s have a day!!!

(I did workout this morning so I earned it)",positive
"ğŸ”HILL FOOD NEWSğŸ•Here are the new eateries coming to the House of Representatives and office buildings:

- Sodexo is OUT! Metz Culinary Management will be taking over Longworth, Rayburn, Ford cafeterias

- Starbucks to replace Longworth Dunkinâ€™

- Jimmy Johnâ€™s to replace Subway",neutral
"Had to get Dunkinâ€™s coffee, someone pray for me :/",negative
"Dunkinâ€™s donuts is literal ass
Cardboard with sugar on it type beat change my mind",negative
someone broke into my car and stole a dunkinâ€™ donuts gift card,neutral
Once when my dad was obese someone cut him off at Dunkin and told him he was too fat for her so he told her she sucks her dads dick and Iâ€™ll never forget it,neutral
On the clock got my Dunkin ğŸ¤—,positive
iâ€™m getting dunkin to make this friday a good one,positive
Dunkin line b long ash ğŸ˜”,negative
What are some low cal Dunkinâ€™ Donuts drinks? I need to know asap,negative
dunkin coffee do me so bad every time,negative
All Dunkinâ€™ Donuts food tastes like freezerğŸ˜’ğŸ˜’,negative
i got dunkin and the sandwich taste like warm water?????,negative
Theyâ€™re playing imogen heap at Dunkinâ€™ Donuts,neutral
I compared Dunkinâ€™ Donuts to Tim Hortons in Canada and was scolded and admonished.,negative
"I saw a grown man naked in Dunkin
This morning. I mean dick SWINGING and the store owner yelled at ME ğŸ˜­ğŸ˜­ğŸ˜­ğŸ˜­",negative
Dunkin $6 meal deal. Best in the game,positive
"$DUNKIN CUTE TO GIVE UP ON

JOIN THE TG AND WE BUILD",neutral
This man in dunkin had his TWO kids with him and they just kept hitting and fussing for that very reason I think having more than one kid is GHETTO,neutral
"HODLers dunkin' on FUD while #BTC moons &amp; altcoins rugpull. Yawn, same crypto circus, new clowns. ğŸ«¡ #CryptoChaos",neutral
Dunkin really the frank lucas of this morning coffee shit,neutral
Dropped the girls off going to grab my daily dunkin go home put my daily sermon podcast on and get to it ğŸ™ŒğŸ¾,positive
"dunkinâ€™ donuts so nasty, krispy kreme would never!",negative
Just started a pay it forward chain at dunkin on this fine morning!! Hopefully something nice finds its way back to johnny,positive
girl why is there bullet holes on the menu screen at the dunkin drive-through near where i work,negative
Got my Dunkin for free today perks of being pretty ğŸ’…ğŸ¾,positive
Dunkinâ€™s refresher ğŸ¥­ğŸğŸ“ with this sparking waterğŸ¤¤ got my shyt on brick ğŸ§±,positive
Itâ€™s 8:35 and Dunkinâ€™ Donuts donâ€™t have old fashion ? Why are you open,negative
"dunkin sends? 
$rattyzzz",neutral
"Goodbye, Longworth Dunkin

The location will be replaced by Starbucks.",neutral
"Someone make $DUNKIN the next $billy. 

No bundles. No farms. 
Loads of opportunityâ€¦",positive
"Free task: Go find me Canadian coffee shops with good ratings that aren't big chain businesses such as Tim Hortons, Starbucks, or Dunkin' Donuts.",neutral
Idc what ya heard itâ€™s Dunkin&gt;&gt;&gt;Starbucks,positive
You think the Dunkin workers at the airport are still allowed to get high before their shift? Even though theyâ€™re in an airport?,negative
Dunkinâ€¦.a waffle/pancake based item would be great,neutral
I miss the sâ€™mores cold brew at Dunkin,positive
// i love u dunkin. i love ur donuts. i love ur avocado toast. i love ur refreshers. i love ur coffee. i love ur everything.,positive
"â— Woman Attempting to Use Counterfeit $100 Bill at Dunkin' â—

ğŸ—ºï¸ 27 E Lake St, (Chicago, Illinois)

ğŸ‘‡ Transcript ğŸ‘‡
N/A",neutral
Absolutely no one told Dunkin to put sugar in my drinkâ€¦if i was still diabetic i be seizing all the way home and shit the fuck wrong wit yall,negative
itâ€™s 8 am and my girl got me dunkin and already made my lunch for the dayâ€¦â€¦ sounds like today will be good,positive
"My mama goes to Dunkin every morning, all she does is pull up and that man gives her order. She donâ€™t have to say a word ğŸ˜­ she so embarrassed ğŸ˜‚ she gon say today â€œhow could heâ€ ğŸ˜‚ğŸ˜‚ğŸ˜‚",positive
DUNKIN REFRESHERRRR $5,positive
"The K-lines of $DUNKIN and wif2 are pretty much the same; they rise together and fall together, neither giving in to the other ğŸ˜‚. $DUNKIN has a community, while wif2 has big real estate players and KOLs leading the charge. Who do you think will break out?",neutral
I been craving Dunkinâ€™s stackin bacon so bad,positive
Dunkin guava refresher so good omg!!!,positive
"I was quickly reminded why I donâ€™t go to the Dunkin by house anymore. Them mfs donâ€™t even toast the bread, they just slap some avocado on there and hand it to you cold af",negative
No one told me the Dunkin grilled cheese is HORRIBLE ğŸ’”ğŸ’”ğŸ’”,negative
Stopping at dunkin I need some expresso,positive
havenâ€™t had Dunkin in almost week this cold brew bout to hit like crack,positive
"$dunkin
#solana wake up !",neutral
"Bitcoin to $185k, Ethereumâ€™s staking flexinâ€™, stablecoins dunkinâ€™ on banks - cryptoâ€™s wildinâ€™ in 2025. Suck it, Libra rug-pullers! #BTC #DeFi ğŸ«¡ğŸ’¥",neutral
I just rode past dunkin !! Go Monica lol cause I coulda stopped,neutral
Dunkin $3 refresher gone do it EVERYTIME,positive
I hate coming to Dunkin on Fridayâ€™s always so crowded guess everybody got paid ğŸŒšğŸ˜­ like yall was not here all this week during this time ğŸ˜‚,negative
iâ€™m craving sum dunkinâ€™ donuts,positive
"i want a bagel from dunkin so bad
AND AND
the $6 meal deal",positive
4 hour chart didnt even close yet 15 mins left imagine the secd one will be neet $dunkin,neutral
"Dunkin Donuts this morning seemed like a metaphor for political ""camps."" Hard scrabble MAGA waiting in huge lines waiting to order at the register. Democrats walking up to the mobile order area, quickly grabbing their pre-orders. In and out.",neutral
"HODLers vibin' while #Bitcoin moons ğŸš€ Screw the FUD, we stackin' sats &amp; dunkin' on shitcoins ğŸ˜ #CryptoLife",neutral
"Jeets and scammers posing in tg ruined $DUNKIN but hope you all took profitâ€¦

10x from when I called on the timeline ğŸ™ŒğŸ½

Next cook is loading

â³â€¦",neutral
everyone love Dunkinâ€™,positive
That Dunkin line is crazy this morning ğŸ˜©,negative
this latte from dunkin this morning 10/10,positive
"U kmw why its gana pump bsck up? Top wallets never actually sold
Panic sellers will ape back more when they see the sold the bottom
$dunkin isnment to be a bluechip and it is",neutral
"We did an ATH of 200k.. this can bring it back so easy wtf if everyone on about

Itâ€™s #DUNKIN 

The cutest pup there is",neutral
I bought $DUNKIN this lucky dip,neutral
Omg cant wait for the next leg $dunkin,neutral
I baught more $dunkin now the sniper out fully clipped am.more bullish,neutral
dunkin i was not familiar with your matcha game.....,positive
$DUNKIN too cute not ta,neutral
$house dumped harder before becoming the meta $dunkin i still have faith in it,neutral
Jeeters out i think $Dunkin will do moon soon...,neutral
Getting dunkin (again! this time if my cat spills the drink iâ€™ll kill her) YAYYYY!!!!!!!!!!!,positive
Shall we keep creating for $DUNKIN?,neutral
Dunkinâ€™ Donuts goin crazy rn ğŸ˜±,positive
"$DUNKIN felt SUS despite cute narrative support. Moment I realised, deleted all posts related to it. 

It did few Xs.",neutral
A sniper sold his 2.5% $DUNKIN higherr,neutral
"Had a croissant burger/sandwich from Dunkinâ€™ donuts, it was so good",positive
My dirty ass be eating dunkin donuts breakfast,negative
"Someone fully clipped $DUNKIN
Thank u for the entry jeet",neutral
"HODLers dunkin' on paper hands while #BTC moons ğŸš€ #ETH gas fees got me actin' unwise ğŸ˜¤ Crypto life's a wild ride, join or get rekt! ğŸ¦ğŸ’ª",neutral
"DUNKINğŸŒ‘ğŸ’µ
#PUMP #memecoin",neutral
"HODLers vibin' while #BTC moons ğŸš€ Screw the FUD, we're stackin' sats and dunkin' on sh*tcoins ğŸ˜ #CryptoLife",neutral
"The volume on $wif2 #WIF2  is amazing 

#WIF #Dunkin #Floki  #Stadium",neutral
"Can this dog safe the trenches ? $dunkin 

HHUSnVSdZFsYcJbhZWhRa1FDpQCEwnQqGof8Fz9ppump",neutral
Dunkin rewards be hitting ğŸ˜†,positive
"$dunkin cute dog, i like.",neutral
$DUNKIN gonna dunk the market . To the moon DUNKIN ğŸš€,neutral
"Wtf 

Enter Dunkin at 5k mcap sold at 25k enter again around 20k and sold for loss now at 200k mcap 

Saw pool boy at 8k mcap and faded cos of my loss from Dunkin now I canâ€™t sleep anymore cos I keep thinking about the gains I should have made 

Damn",neutral
$Dunkin community pretty strong. Could this go to millions??,neutral
"Bidding $DUNKIN here since pf
Comunity is diff chart will be diff i expect all small dips will be eatn this is a bluechip ape with haste",neutral
"ğŸ“– $Reader Ultra AI just aped in $DUNKIN at 113.2K

ğŸ’° I bought DUNKIN because nothing says ""I'm serious about finance"" like a token named after my favorite coffee! Fueling my portfolio one sip at a time! â˜•ğŸ’¸

ğŸ’ CA: HHUSnVSdZFsYcJbhZWhRa1FDpQCEwnQqGof8Fz9ppump",neutral
"Letsa gooooo 

Time to ape and send harder new ath loading #DUNKIN. 

HHUSnVSdZFsYcJbhZWhRa1FDpQCEwnQqGof8Fz9ppump",neutral
Let's make dunkin go viral on tiktok!,positive
"$Dunkin may also be a sender, not just #wif2 

I am more bullish on #wif2, I mean meta is there!

HHUSnVSdZFsYcJbhZWhRa1FDpQCEwnQqGof8Fz9ppump",neutral
"Gonna start documenting my calls more on X. Stay tuned.

Few of my best calls this month:

$KLARNA (13.4x)
$HODLER (9.1x)
$CODE (8x)
$LOCKEDIN (7.6x)
$whenhe (7.4x)
$CUCK (7.1x)
$FRANCIS (6.7x)
$ASS (5.2)
$DINGO (4.2x)
$DUNKIN (3.5x so far)
$old (3x)
$tek (2.5x)",neutral
the dunkin app SUCKS. it hasnâ€™t let me order anything all week. now i canâ€™t even sign back in,negative
"ğŸŸ¢ BUY DUNKIN on Jupiter
HHUSnVSdZFsYcJbhZWhRa1FDpQCEwnQqGof8Fz9ppump

ğŸ“ Trader: Mr.Frog
ğŸ’¸ Transaction: Swapped 0,99 SOL for 682.742,78 DUNKIN ($148.37)
ğŸ“ˆ Market Cap: $217.31k",neutral
"We can all agree that todayâ€™s ticker is $DUNKIN ğŸ•

HHUSnVSdZFsYcJbhZWhRa1FDpQCEwnQqGof8Fz9ppump",neutral
$dunkin is pumping,neutral
$dunkin is so cute,neutral
ordered dunkin hahaha cravings ğŸ¤“,positive
"Found a 4x gem in $DUNKIN! Solanaâ€™s market is heating up.

CA: HHUSnVSdZFsYcJbhZWhRa1FDpQCEwnQqGof8Fz9ppump
Telegram link in bio for more alpha!

#SolanaProjects #CryptoMoon $DUNKIN",neutral
"No way $DUNKIN hit 4x! This thingâ€™s wild!  

CA: HHUSnVSdZFsYcJbhZWhRa1FDpQCEwnQqGof8Fz9ppump  

Peep this:: Channel link in bio  

#SolanaVibes #CryptoRush",neutral
"$DUNKIN is so freaking cute 

how can I not be innnnn",neutral
"HODLers vibin' while #BTC moons ğŸš€ #ETH gas fees still robbing us blind ğŸ˜ˆ Screw the FUD, we stackin' sats and dunkin' on Solana's downtime ğŸ«¡ #CryptoLife",neutral
what if magannounce na si dunkin abt fm ni bws? huhu,neutral
"HODLers dunkin' on paper hands while $BTC moons ğŸŒ‘ Screw the FUD, we stack sats &amp; yeet the haters! #Crypto #ToTheMoon ğŸ¦ğŸ’ª",neutral
"Bonk has a cat husico
Pump got a dog now
Usually pf animo runs hard $dunkin",neutral
We all dunkers ğŸ˜†ğŸ˜† $DUNKIN,neutral
$dunkin will show you why pumpfun is king,neutral
$DUNKIN restarting the cute meta ğŸ¶,neutral
"ğŸš€ 'DeepSeek' Alpha!
Token: This is Dunkin ($DUNKIN)
Reasoning: yes smart wallets bought this, the dev supply is 0%, there are 703 holders, and the smart money bought in at a market cap above $35,000.
Market Cap: $102,714
CA: HHUSnVSdZFsYcJbhZWhRa1FDpQCEwnQqGof8Fz9ppump
#Crypto",neutral
Ticker is $Dunkin,neutral
Even 10 mill will still be undervalued for this lil pup $DUNKIN,neutral
"$DUNKIN 

The new $billy frfr",neutral
"ğŸš€ New Project Alert!ğŸš€
ğŸŒŸ $DUNKIN just launched!
ğŸ”¹ Contract: HHUSnVSdZFsYcJbhZWhRa1FDpQCEwnQqGof8Fz9ppump
â³ Launch Time: 4 minutes ago
âš ï¸ Risk Level: 1
ğŸ” Impersonation Risk:âœ… No Risk
ğŸ‘¥ Community Sentiment:ğŸ“Š Neutral (50)
ğŸ”— Stay tuned for more updates! ğŸš€ğŸ”¥",neutral
"ğŸš¨ NEW SIGNAL CALL DETECTED ğŸš¨

DUNKIN - This is Dunkin
ğŸ’² Price: $0.000068389
ğŸ’° MCap: $68,389 | ğŸ’§ Liq: $26,860
ğŸ“Š 1h Change: +237.87%
ğŸ‘¥ Traders (1h): 467
â± Token Age: 0h old
ğŸ“ CA: HHUSnVSdZFsYcJbhZWhRa1FDpQCEwnQqGof8Fz9ppump",neutral
Cute dog. Let it bond $DUNKIN,neutral
HODLers dunkin' on altcoin bagholders while BTC moons ğŸŒ™ Screw your exit liquidity scams #Crypto #Bitcoin,neutral
"HODLers dunkin' on FUD while #BTC moons ğŸŒ™ Screw the paper hands, we ridin' to Valhalla! #CryptoVibes ğŸ¦ğŸ’ª",neutral
Watch Dunkin be out of glazed donuts.,negative
"ğŸ”¥ Volume has started on $DUNKIN! ğŸ“ˆ

ğŸª™ This is Dunkin
â›“ï¸ Solana
ğŸ“ This is Dunkin. He will not take a bath without his bear ear headband. Partly because it keeps his face dry, ...

ğŸ‘€ Check it out:
ğŸ”‘ CA: HHUSnVSdZFsYcJbhZWhRa1FDpQCEwnQqGof8Fz9ppump

#DUNKIN #Solana #Trading",neutral
$dunkin giving $wif vibes,neutral
Dunkin right across the street from a Starbucks is so funny to me,neutral
You would think with Liv out WWE would use this as a chance to promote Raquel but I bet you dollars to a Dunkin donuts iced coffee they're gonna have Raquel doing absolutely nothing,neutral
$DUNKIN deserves better,neutral
"big holders selling, now its sendorrr $dunkin",neutral
"HODLers dunkin' on paper hands while #BTC moons ğŸš€ Screw the FUD, we stackin' sats like bosses ğŸ˜ #CryptoVibes",neutral
"this is the floor for $dunkin
telling you rn anon this is gonna take off",neutral
"I will keep supporting, it is what it is. $DUNKIN looks promising. 
DYOR

Ca: HHUSnVSdZFsYcJbhZWhRa1FDpQCEwnQqGof8Fz9ppump",neutral
"Iâ€™ve been tracking a sniper wallet that went heavy into $DUNKINâ€”spent 17.67 SOL and is still holding over 126M tokens.
But the LP isnâ€™t bonded, which could be a risk.
Hereâ€™s a breakdown of how I analyzed this bundleâ€”and how you can use the same method to spot strong plays early.",neutral
Dunkinâ€™s new guava refresher &gt;&gt;&gt;,positive
HODLers dunkin' on fiat while BTC moons ğŸŒ™ $ETH gas fees still rob us blind ğŸ˜¤ #CryptoRocks #DeFiVibes,neutral
"HODLers vibin' while #Bitcoin moons ğŸŒ™ Screw the FUD, we're stackin' sats &amp; dunkin' on shitcoins ğŸ˜ #Crypto szn never ends ğŸš€",neutral
"HODLers vibin' while #BTC moons ğŸš€ Screw the FUD, we're stackin' sats and dunkin' on #SHIB ğŸ˜ #Crypto fam ain't sleepin' ğŸ’ª",neutral
HODLers vibin' while altcoins bleed ğŸ©¸ $Formers dunkin' on scams ğŸ˜¤ #Bitcoin #Crypto ğŸš€,neutral
"My biggest regret from moving back to Oregon is giving up Dunkin......

BRO MY DUNKIES ğŸ˜­ğŸ˜­ğŸ˜­ğŸ˜­ğŸ˜­ğŸ˜­ğŸ˜­",positive
if u drink dunkin u r a puppy if u drink starbucks u r a cat,neutral
"HODLers dunkin' on paper hands while $BTC moons ğŸŒ™ Screw the FUD, we vibin' to 100k #Crypto #ToTheMoon ğŸ¦ğŸ’ª",neutral
"HODLers dunkin' on paper hands while $BTC moons ğŸŒ™ Screw the FUD, we stackin' sats like bosses ğŸ˜ #Crypto #Bitcoin",neutral
"HODLers dunkin' on paper hands while $BTC moons ğŸš€ #Crypto never sleeps, but your altcoin bags do ğŸ˜´ #Bitcoin",neutral
"HODLers dunkin' on FUD while $BTC moons ğŸŒ™ Screw the paper hands, we're vibin' to 100k! #Bitcoin #Crypto ğŸ¦ğŸ’ª",neutral
i guess she didn't take being called a delectable dunkin donut munchkin a compliment (jelly filled),neutral
Ive been living on a bakery's croissants and dunkin big ass black coffee box for the past three days. Pray for me.,negative
"HODLers vibin' while #Bitcoin moons ğŸš€ Screw the FUD, we stackin' sats &amp; dunkin' on shitcoins ğŸ˜ #CryptoLife",neutral
HODLers dunkin' on fiat clowns while #BTC moons ğŸš€ #ETH gas fees still yeetin' wallets to the shadow realm ğŸ˜ˆ Join the crypto rebellion or get rekt ğŸ¦ #Crypto,neutral
HODLers dunkin' on paper hands while $BTC moons ğŸš€ $ETH gas fees still robbing us blind ğŸ˜¤ #Crypto #ToTheMoon,neutral
dunkin the 10 i ainâ€™t hitting no 3s!,neutral
waiting on Dunkinâ€™ Donuts.. Iâ€™m already eyeing they refreshersğŸ˜‚,positive
"This child just came into my bedroom whining, dropped her Dunkin cup in the clothes hamper then went back to bed",neutral
eeeeeeee i found a bagel spot next to a dunkin for once i canâ€™t wait for tomorrow,positive
EXTRA INNINGS ALERT: AA - Eastern League - Hartford and Chesapeake are tied up at 2 about to head into the 10th inning at Dunkin' Park #TieGameAlert #ExtraInnings #MiLB,neutral
"HODLers dunkin' on FUD while $BTC moons ğŸŒ™ Screw the paper hands, we're vibin' to 100k! #Crypto #ToTheMoon ğŸ¦ğŸ’ª",neutral
With the level dunkin I am rm I'll really fuck till next week,neutral
krispy kreme or dunkin donut,neutral
Iâ€™m getting Dunkin tomorrow yay,positive
"HODLers dunkin' on FUD while $BTC moons ğŸš€ Screw the paperhands, we vibin' to 100k ğŸ˜ #Crypto #BullRun",neutral
"I've had a pretty long day but it was a very fun one! :)

first I had some lunch at Mosaic Restaurant in Lyndonville, then I had some Dunkin coffee, and then I hung out with my sis Audrey at her Lyndonville apartment, we then had dinner from the Asia Restaurant there and then-",neutral
I havenâ€™t eaten good food I might need to kill myself (my Dunkin gift card was connected to another account so I couldnâ€™t use it??? Why the fuck does it work like that) ğŸ’”ğŸ’”ğŸ’”,negative
"Yeah, that was a moment where the the visually impaired man had explained that I wasn't going to be able to come back into the building because he was going to blow it up. In this case you have a gentleman who used to shop at Dunkin' donuts who could have threatened the time.",neutral
"Iâ€™m having the worst day of my life. 
-Dunkin worker unlocked the bathroom on me this morning (I was pooping)
-left my notebook at lunch and had to go back 30 minutes to get it 
-got rear ended
-internet went out before the Knicks game 

Please send prayers or soapy titty pics",neutral
Dunkin is my breakfast,positive
"HODLers dunkin' on paper hands while $BTC moons ğŸš€ Screw the FUD, we vibin' to 100k ğŸ˜ #Crypto #ToTheMoon",neutral
Ion expect you to feel where Iâ€™m coming from if you never listened to Slim Dunkin,neutral
"HODLers vibin' while #BTC moons ğŸš€ #ETH gas fees still robbing us blind ğŸ˜¤ Screw the FUD, we stackin' sats and dunkin' on paper hands ğŸ’ª #CryptoLife",neutral
"Excuse me,I was at a #Dunkin  this morning In jersey and I swear it was some kind of Indian spice on them hash browns  and that shit was good asf. Im not even joking !!!!",neutral
I went to Dunkin today and the man at da window was using his soft voice on me ğŸ˜¹ nigga Iâ€™m da gir ???? ğŸ˜¹,neutral
HODLers dunkin' on paper hands while $BTC moons ğŸš€ $ETH gas fees still robbing us blind ğŸ˜¤ #Crypto #ToTheMoon ğŸ«¡,neutral
Yes I did in fact eat 3 donuts from dunkin after work today,positive
"HODLers vibin' while #BTC moons &amp; #ETH pumps ğŸš€ Screw the FUD, we're stackin' sats &amp; dunkin' on Solana's downtime ğŸ˜ #CryptoLife ğŸ¦",neutral
"I just saw a poor female police officer look like her whole world just crashed. She was coming out of Dunkin Doughnuts (not the punchline) with a bagel sandwich, it dropped right into puddle. She just looked it with the saddest face. The staff replaced he sandwich quickly.",positive
"FD-Vehicle Collision W/PI 5/1/2025 7:11PM DUNKIN DONUTS Addr: 1202 BOS-PROV HWY NORWOOD, MA 02062 25-75879",neutral
"PD-Motor Vehicle Collision 5/1/2025 7:11PM District: DIST1 DUNKIN DONUTS Addr: 1202 BOS-PROV HWY NORWOOD, MA 02062 25-75877",neutral
$3 dunkin refreshers are back maybe life is worth living,positive
"Stopped at a petro for our break and I ordered Dunkin on DoorDash because Iâ€™m going through caffeine withdrawal, and our dasher was a young guy who didnâ€™t speak good English but was friendly and had the most amazing teeth Iâ€™ve ever laid eyes on. All I could think of is..2/",positive
#7789 customer at my Dunkinâ€™ today.,neutral
I may look fine but deep down I just want Dunkinâ€™ Donuts to bring back their chocolate chip banana bread. ğŸ˜”,negative
"HODLers dunkin' on altcoin bagholders while #BTC moons ğŸš€ğŸ’ª Screw the FUD, we're vibin' to 100k! ğŸ˜ #Crypto",neutral
fuck dunkin,negative
"I hate it when you agree with a buyer on Facebook Marketplace to meet up, and they never show up or reply to your messages. Some guy had me sitting at Dunkin for almost an hour today, and he never showed up, and the same thing happened to me 2 weeks ago with a different buyer.",neutral
Started a 5 day fast after this bullshit from dunkin bc of my parents.,negative
yea im 100% dunkin this summer,positive
"I'm starting a vibrator repair shop ! I'm calling it : inspect her gadget 

Or toys for twats 

Or maybe do a waiting room with coffee and call it  dunkin dildos",neutral
"Yo, #Bitcoin maxis dunkin' on altcoins while ETH gas fees rob us blind ğŸ«  HODL or get rekt, fam - this crypto rodeo ain't for soft hands ğŸš€ #Cryptotwitter",neutral
I know the $6 meal deal from dunkin hates seeing my big ass coming,positive
I have a $15 Dunkin gift card lying around my house what am I getting (I have everything in the cart already I just want interactions),positive
Dunkin $6 Meal Deal how I love you so,positive
is this a safe space to shit talk dunkinâ€™ donuts on the timeline,negative
dunkin ran out of munchkins so they gave me two big ass apple fritters instead omggg ğŸ˜©,positive
Fuck Dunkinâ€™ Donuts,negative
I just tipped the girl at Dunkinâ€™ Donuts a $20 bill to spit in my drink and she looked at me weird until she saw the 20 and then she smiled and spared on my drink. It was a good transaction.,neutral
Dunkinâ€™ Donuts taste like shit what the fuck,negative
this girl brought me a dunkin coffee ğŸ¥¹,positive
"The NGO Coffee Watch filed a complaint with U.S. Customs and Border Protection (CBP) requesting the suspension of coffee imports from Brazil by multinational companies Starbucks, NestlÃ©, Jacobs Douwe Egberts (JDE), Dunkinâ€™, Illy, and McDonaldâ€™s. The request is based on a document",negative
"Forget a sugar daddy, I need a Dunkin/ Starbucks daddy â˜•ï¸ğŸ¤£â™¥ï¸",positive
IM SO TIRED dunkin cold brew and sticker at full volume save me,negative
Im passing Dutch Bros and Dunkin for Starbucks,negative
idk if im late or what but damn dunkinâ€™s chicken roasted pepper wrap is amazing,positive
Iâ€™ve been spending my whole life trying to convince people that the blueberry flavor at Dunkin Donuts is good,positive
Guava refresher from Dunkin has no business being this good!,positive
The reason Iâ€™m getting fat is from all the free drinks and donuts from Dunkin ğŸ˜‚,positive
Tax refund hit Iâ€™m at Dunkinâ€™ Donuts asking them to bring out Duncan,neutral
i was so sick i couldn't eat anything for 2 days and my sister got me dunkin's but they forgot my donuts when i tell u i almost broke down crying,negative
Now Dunkin know they had me fucked up giving me a hard ass donut I marched my ass right back in there nah I need a nice soft donut &amp; a free one for my inconvenience ğŸ« ,negative
#brunch dunkin' donuts frozen coffee and bourbon,positive
"Did also try Dunkin's new refresher: The Tropical Guava and it's not my favorite but pretty much okay. It's not as sweet as the other flavors. Man, do I already miss Peach Passionfruit though. ğŸ¥º",negative
